Evaluation,mean,median,count,prop_0_0p5,prop_0p5_1,prop_0.5_3,prop_0.5_5,prop_0.5_30,prop_1_3,prop_1_5,prop_1_30,prop_3_30,prop_5_30,prop_gt10,prop_sum_check
CA-APFO-TW-24036_2024-08-30,0.1725003168575397,0.12999999523162842,7887,0.9581589958158996,0.03803727653100038,0.04184100418410042,0.04184100418410042,0.04184100418410042,0.003803727653100038,0.003803727653100038,0.003803727653100038,0,0,0,1.1331304678585012
CA-ELFO-TW-22129_2023-09-22,0.11145622897516898,0.09000000357627869,3564,0.9943883277216611,0.005611672278338945,0.005611672278338945,0.005611672278338945,0.005611672278338945,0,0,0,0,0,0,1.016835016835017
CA-ELFO-TW-22129_2024-09-28,0.11145622897516898,0.09000000357627869,3564,0.9943883277216611,0.005611672278338945,0.005611672278338945,0.005611672278338945,0.005611672278338945,0,0,0,0,0,0,1.016835016835017
CA-ELFO-TW-22130_2023-09-23,0.06698216528530902,0.05000000074505806,7850,0.9987261146496815,0.0012738853503184713,0.0012738853503184713,0.0012738853503184713,0.0012738853503184713,0,0,0,0,0,0,1.0038216560509554
CA-ELFO-TW-21103_2022-09-21,0.06626730416018844,0.05999999865889549,7946,1,0,0,0,0,0,0,0,0,0,0,1
CA-ELFO-TW-22090_2023-09-22,0.04817328710909519,0.05000000074505806,3197,1,0,0,0,0,0,0,0,0,0,0,1
CA-ELFO-TW-22130_2024-09-28,0.06698216528530902,0.05000000074505806,7850,0.9987261146496815,0.0012738853503184713,0.0012738853503184713,0.0012738853503184713,0.0012738853503184713,0,0,0,0,0,0,1.0038216560509554
CA-ELFO-TW-22128_2023-09-22,0.02134398331659495,0.01999999955296516,7887,1,0,0,0,0,0,0,0,0,0,0,1
CA-ELFO-TW-22128_2024-09-28,0.02134398331659495,0.01999999955296516,7887,1,0,0,0,0,0,0,0,0,0,0,1
NV-NCD-RW-22534_2022-05-02,6.958032720272223,7.534074112221047,2384,0.010906040268456376,0.031459731543624164,0.13380872483221476,0.23154362416107382,0.9890939597315436,0.10234899328859061,0.20008389261744966,0.9576342281879194,0.8552852348993288,0.7575503355704698,0.1552013422818792,4.4249161073825505
NV-NCD-RW-23526_2023-08-04,0.9125860842731496,0.8199999928474426,2846,0.31763879128601546,0.2817990161630358,0.6823612087139845,0.6823612087139845,0.6823612087139845,0.4005621925509487,0.4005621925509487,0.4005621925509487,0,0,0,3.8482080112438513
CA-ELFO-TW-23001_2023-08-05,0.02654435086701516,0.01999999955296516,3461,1,0,0,0,0,0,0,0,0,0,0,1
CA-ELFO-TW-24022_2024-05-31,0.0566666664098663,0.05000000074505806,3228,1,0,0,0,0,0,0,0,0,0,0,1
CA-ELFO-TW-22106_2022-06-10,0.07498680706166236,0.03999999910593033,1137,1,0,0,0,0,0,0,0,0,0,0,1
CA-APFO-TW-22102_2022-08-09,0.16487710553102322,0.10999999940395357,3621,0.9395194697597349,0.06048053024026512,0.06048053024026512,0.06048053024026512,0.06048053024026512,0,0,0,0,0,0,1.1814415907207954
CA-APFO-TW-21110_2022-08-06,0.18187704371462624,0.14000000059604645,1529,0.9803793328973185,0.01962066710268149,0.01962066710268149,0.01962066710268149,0.01962066710268149,0,0,0,0,0,0,1.0588620013080445
CA-ELFO-TW-22097_2022-07-24,0.095374939169322,0.05481481455542423,2067,0.9671020803096275,0.01644895984518626,0.03289791969037252,0.03289791969037252,0.03289791969037252,0.01644895984518626,0.01644895984518626,0.01644895984518626,0,0,0,1.13159167876149
NV-WND-TW-23001_2023-09-13,1.2792970053401271,1.108082207914901,5377,0.13353170913148596,0.3090942904965594,0.8197879858657244,0.8664682908685141,0.8664682908685141,0.510693695369165,0.5573740003719546,0.5573740003719546,0.04668030500278966,0,0,4.6674725683466605
CA-APFO-TW-21110_2024-06-27,0.18187704371462624,0.14000000059604645,1529,0.9803793328973185,0.01962066710268149,0.01962066710268149,0.01962066710268149,0.01962066710268149,0,0,0,0,0,0,1.0588620013080445
CA-ELFO-TW-23113_2023-08-05,0.02797818927819492,0.02999999932944774,4585,1,0,0,0,0,0,0,0,0,0,0,1
CA-ELFO-TW-22105_2022-06-22,0.09249089562347008,0.07000000029802322,2746,0.9919883466860888,0.008011653313911144,0.008011653313911144,0.008011653313911144,0.008011653313911144,0,0,0,0,0,0,1.0240349599417335
NV-NCD-RW-22509_2022-08-22,0.8502932955099883,0.7749999761581421,1432,0.25139664804469275,0.420391061452514,0.7486033519553073,0.7486033519553073,0.7486033519553073,0.32821229050279327,0.32821229050279327,0.32821229050279327,0,0,0,3.902234636871508
CA-APFO-TW-23101_2023-06-08,0.0828712727156801,0.05425970859427764,6976,0.9895355504587156,0.0043004587155963305,0.010177752293577981,0.010464449541284403,0.010464449541284403,0.005877293577981652,0.006163990825688074,0.006163990825688074,2.8669724770642203e-4,0,0,1.043434633027523
CA-APFO-TW-22095_2022-07-21,0.19937017621997516,0.1599999964237213,6478,0.9688175362766286,0.031182463723371412,0.031182463723371412,0.031182463723371412,0.031182463723371412,0,0,0,0,0,0,1.0935473911701146
CA-ELFO-TW-22087_2022-05-27,0.01842085620114368,0.01999999955296516,2685,1,0,0,0,0,0,0,0,0,0,0,1
CA-APFO-TW-23101_2024-07-27,0.0828712727156801,0.05425970859427764,6976,0.9895355504587156,0.0043004587155963305,0.010177752293577981,0.010464449541284403,0.010464449541284403,0.005877293577981652,0.006163990825688074,0.006163990825688074,2.8669724770642203e-4,0,0,1.043434633027523
CA-ELFO-TW-22129_2024-07-06,0.11145622897516898,0.09000000357627869,3564,0.9943883277216611,0.005611672278338945,0.005611672278338945,0.005611672278338945,0.005611672278338945,0,0,0,0,0,0,1.016835016835017
CA-ELFO-TW-21103_2022-06-08,0.06626730416018844,0.05999999865889549,7946,1,0,0,0,0,0,0,0,0,0,0,1
CA-ELFO-TW-23114_2024-06-02,0.01983127855002197,0.01999999955296516,11439,1,0,0,0,0,0,0,0,0,0,0,1
NV-WND-RW-23578_2023-09-14,0.03724287082839504,0.02999999932944774,5085,1,0,0,0,0,0,0,0,0,0,0,1
CA-ELFO-TW-21103_2023-08-06,0.06626730416018844,0.05999999865889549,7946,1,0,0,0,0,0,0,0,0,0,0,1
CA-ELFO-TW-22091_2022-06-12,0.22866504503844792,0.03857253836516117,6577,0.9694389539303634,0.002280675079823628,0.006081800212863008,0.010947240383153414,0.030561046069636614,0.0038011251330393797,0.008666565303329786,0.028280370989812984,0.024479245856773604,0.019613805686483198,0,1.104150828645279
CA-ELFO-TW-23006_2023-06-09,0.5372449440835567,0.16980769399266976,2225,0.8125842696629213,0.10651685393258427,0.1298876404494382,0.15865168539325844,0.18741573033707865,0.023370786516853932,0.05213483146067416,0.08089887640449438,0.05752808988764045,0.028764044943820226,0,1.6377528089887643
CA-ELFO-TW-22142_2023-08-19,0.10492724636193566,0.09000000357627869,5498,1,0,0,0,0,0,0,0,0,0,0,1
CA-ELFO-TW-23114_2023-08-04,0.01983127855002197,0.01999999955296516,11439,1,0,0,0,0,0,0,0,0,0,0,1
CA-ELFO-TW-23113_2024-05-31,0.03160388770027772,0.02999999932944774,4115,1,0,0,0,0,0,0,0,0,0,0,1
CA-ELFO-TW-21103_2024-06-01,0.06626730416018844,0.05999999865889549,7946,1,0,0,0,0,0,0,0,0,0,0,1
NV-NCD-TW-24006_2024-05-12,2.3421001686424643,1.422631533522355,3514,0.08793397837222539,0.25241889584519067,0.6050085372794536,0.7720546385885031,0.9120660216277746,0.35258964143426297,0.5196357427433125,0.659647125782584,0.307057484348321,0.1400113830392715,0,4.6084234490609
CA-APFO-TW-24039_2024-07-25,0.7706706841913679,0.4505607457918541,5144,0.5215785381026439,0.20859253499222394,0.44673405909797825,0.4782270606531882,0.4784214618973561,0.2381415241057543,0.26963452566096424,0.2698289269051322,0.031687402799377914,1.9440124416796267e-4,0,2.943040435458787
CA-ELFO-TW-23011_2023-08-05,0.02306877597534255,0.01999999955296516,7837,1,0,0,0,0,0,0,0,0,0,0,1
CA-APFO-TW-22123_2023-08-16,0.06086007028151045,0.05000000074505806,5953,1,0,0,0,0,0,0,0,0,0,0,1
CA-ELFO-TW-22119_2024-07-15,0.21640799996703863,0.10833663341432516,3750,0.9269333333333334,0.032266666666666666,0.0688,0.07306666666666667,0.07306666666666667,0.036533333333333334,0.0408,0.0408,0.004266666666666667,0,0,1.296533333333333
NV-WND-TW-23002_2023-09-13,7.145769310691023,6.903404215548901,5011,0.00618638994212732,0.009978048293753742,0.055078826581520655,0.22231091598483338,0.9938136100578727,0.045100778287766916,0.21233286769107962,0.9838355617641189,0.938734783476352,0.7715026940730393,0.1642386749151866,4.403113151067651
NV-WND-TW-22003_2022-09-01,0.08278056450286404,0.03999999910593033,6977,0.9929769241794467,0.007023075820553246,0.007023075820553246,0.007023075820553246,0.007023075820553246,0,0,0,0,0,0,1.0210692274616595
NV-WND-TW-22004_2022-08-31,0.05675346560623539,0.03999999910593033,8295,1,0,0,0,0,0,0,0,0,0,0,1
NV-NOD-TW-24037_2024-07-06,6.294019701170078,6.595308668819475,8732,0.029431974347228586,0.017750801649106734,0.1021530004580852,0.2575584058634906,0.9705680256527714,0.08440219880897847,0.23980760421438388,0.9528172240036646,0.8684150251946862,0.7130096197892808,0.04878607420980302,4.28469995419148
CA-APFO-TW-23092_2023-06-25,0.12059115731262383,0.10000000149011612,2013,0.9890710382513661,0.01092896174863388,0.01092896174863388,0.01092896174863388,0.01092896174863388,0,0,0,0,0,0,1.0327868852459017
CA-APFO-TW-22122_2023-07-09,0.00882644252510682,0.00999999977648258,9288,1,0,0,0,0,0,0,0,0,0,0,1
CA-ELFO-TW-22085_2022-05-29,0.04183217438442823,0.03999999910593033,2014,1,0,0,0,0,0,0,0,0,0,0,1
CA-ELFO-TW-24052_2024-08-18,0.04527123500374363,0.03999999910593033,6581,1,0,0,0,0,0,0,0,0,0,0,1
NV-NOD-RW-22540_2022-08-07,0.00712946963102617,0.00999999977648258,4055,1,0,0,0,0,0,0,0,0,0,0,1
CA-ELFO-TW-22103_2022-07-06,0.03275758616225895,0.02999999932944774,8337,1,0,0,0,0,0,0,0,0,0,0,1
NV-NOD-RW-22531_2022-07-10,0.2736666663414866,0.15000000596046448,5520,0.8456521739130435,0.09510869565217392,0.15434782608695652,0.15434782608695652,0.15434782608695652,0.05923913043478261,0.05923913043478261,0.05923913043478261,0,0,0,1.5815217391304348
NV-WND-RW-23640_2023-09-14,0.06667741930653011,0.07000000029802322,4030,1,0,0,0,0,0,0,0,0,0,0,1
CA-ELFO-TW-24024_2024-08-17,0.02679633071667297,0.01999999955296516,12211,1,0,0,0,0,0,0,0,0,0,0,1
CA-APFO-TW-24040_2024-08-27,0.35929296950605066,0.16925837459604134,5021,0.8263294164509062,0.09539932284405497,0.16590320653256324,0.17367058354909382,0.17367058354909382,0.07050388368850827,0.07827126070503884,0.07827126070503884,0.007767377016530572,0,0,1.6697868950408288
CA-APFO-TW-24041_2024-08-27,0.16963187615505773,0.114840423926077,4781,0.9709265843965698,0.017360384856724535,0.025935996653419786,0.029073415603430245,0.029073415603430245,0.008575611796695252,0.01171303074670571,0.01171303074670571,0.003137418950010458,0,0,1.1075088893536917
CA-ELFO-TW-24032_2024-07-12,0.08592356684718543,0.07999999821186066,6280,0.9996815286624203,3.184713375796178e-4,3.184713375796178e-4,3.184713375796178e-4,3.184713375796178e-4,0,0,0,0,0,0,1.000955414012739
NV-WND-TW-22006_2022-09-04,0.03376217990893594,0.02999999932944774,6568,1,0,0,0,0,0,0,0,0,0,0,1
CA-APFO-TW-22105_2022-08-17,0.8918644895970214,0.09140257784776204,6125,0.7890612244897959,0.03836734693877551,0.08995918367346939,0.13289795918367348,0.21093877551020407,0.05159183673469388,0.09453061224489796,0.17257142857142857,0.12097959183673469,0.07804081632653061,0,1.7789387755102042
CA-ELFO-TW-22093_2024-05-18,0.10515202089537416,0.07999999821186066,8387,0.9933229998807679,0.006677000119232145,0.006677000119232145,0.006677000119232145,0.006677000119232145,0,0,0,0,0,0,1.0200310003576967
CA-APFO-TW-22132_2024-06-27,0.07421367855667071,0.05999999865889549,7179,1,0,0,0,0,0,0,0,0,0,0,1
CA-ELFO-TW-22084_2022-06-25,0.09750276225624165,0.09000000357627869,5430,0.9985267034990792,0.0014732965009208103,0.0014732965009208103,0.0014732965009208103,0.0014732965009208103,0,0,0,0,0,0,1.0044198895027623
NV-NCD-TW-22006_2023-08-17,1.140978402962801,1.0041379270882442,6112,0.18766361256544503,0.31102748691099474,0.7958115183246073,0.8123363874345549,0.8123363874345549,0.4847840314136126,0.5013089005235603,0.5013089005235603,0.016524869109947642,0,0,4.423102094240838
CA-APFO-TW-24038_2024-08-04,0.3239733588294286,0.18000000715255737,5255,0.8694576593720267,0.07193149381541389,0.12426260704091342,0.13054234062797335,0.13054234062797335,0.05233111322549953,0.058610846812559465,0.058610846812559465,0.006279733587059943,0,0,1.502568981921979
CA-APFO-TW-24035_2024-07-27,0.3869648091736939,0.1599999964237213,4774,0.682865521575199,0.17951403435274402,0.317134478424801,0.317134478424801,0.317134478424801,0.13762044407205698,0.13762044407205698,0.13762044407205698,0,0,0,2.2266443234185167
CA-APFO-TW-24034_2024-08-03,0.24474725917653248,0.1599999964237213,3284,0.8675395858708892,0.11662606577344702,0.13246041412911083,0.13246041412911083,0.13246041412911083,0.015834348355663823,0.015834348355663823,0.015834348355663823,0,0,0,1.42904993909866
CA-APFO-TW-24050_2024-08-18,1.0144885551245704,0.21251937891392744,2796,0.7106580829756796,0.12660944206008584,0.18669527896995708,0.20958512160228898,0.28934191702432044,0.060085836909871244,0.08297567954220315,0.16273247496423462,0.10264663805436337,0.07975679542203147,0,2.011087267525036
CA-ELFO-TW-24023_2024-06-03,0.06402856304586288,0.03999999910593033,7072,0.998868778280543,0.0011312217194570137,0.0011312217194570137,0.0011312217194570137,0.0011312217194570137,0,0,0,0,0,0,1.003393665158371
CA-APFO-TW-22144_2023-09-02,0.5768482245565587,0.09161583172697128,7913,0.8159989890054341,0.05472008087956527,0.12169847087071907,0.15720965499810438,0.1840010109945659,0.0669783899911538,0.10248957411853911,0.12928093011500064,0.06230254012384683,0.02679135599646152,0,1.7214709970933906
NV-NCD-RW-23537_2023-06-11,0.02346585067008051,0.01999999955296516,7848,1,0,0,0,0,0,0,0,0,0,0,1
NV-NCD-RW-23553_2023-08-02,0.13392072136990377,0.08464833830133119,7871,0.9612501588108245,0.018040909668402997,0.03874984118917545,0.03874984118917545,0.03874984118917545,0.020708931520772456,0.020708931520772456,0.020708931520772456,0,0,0,1.157667386609071
NV-NCD-RW-23575_2023-08-15,0.01082961617185535,0.00999999977648258,7847,1,0,0,0,0,0,0,0,0,0,0,1
NV-NOD-RW-23711_2023-08-16,0.03792426516886955,0.02999999932944774,7896,1,0,0,0,0,0,0,0,0,0,0,1
NV-NOD-RW-22542_2022-06-12,1.142872379082063,1.100000023841858,7875,0.21193650793650792,0.23174603174603176,0.788063492063492,0.788063492063492,0.788063492063492,0.5563174603174603,0.5563174603174603,0.5563174603174603,0,0,0,4.476825396825397
NV-NOD-RW-22503_2022-06-10,1.3856877001184065,0.45086538189878833,7845,0.5202039515615041,0.10095602294455067,0.23301465901848312,0.4797960484384959,0.4797960484384959,0.13205863607393245,0.3788400254939452,0.3788400254939452,0.24678138942001274,0,0,2.9502868068833648
NV-NCD-RW-22584_2022-07-24,0.02320673467822732,0.01999999955296516,7899,1,0,0,0,0,0,0,0,0,0,0,1
NV-WND-RW-22512_2022-07-22,0.1131690052023501,0.10999999940395357,7911,1,0,0,0,0,0,0,0,0,0,0,1
NV-WND-TW-22005_2022-09-02,0.05180871298104415,0.05000000074505806,7873,1,0,0,0,0,0,0,0,0,0,0,1
NV-WND-RW-24827_2024-05-25,0.03163379870853326,0.02999999932944774,7657,1,0,0,0,0,0,0,0,0,0,0,1
NV-NOD-RW-24683_2024-06-06,0.43188324305453296,0.4300000071525574,7657,0.6792477471594619,0.3146140786208698,0.32075225284053804,0.32075225284053804,0.32075225284053804,0.006138174219668277,0.006138174219668277,0.006138174219668277,0,0,0,1.9745331069609504
NV-NCD-RW-24525_2024-06-21,0.06571503250719675,0.05000000074505806,7650,1,0,0,0,0,0,0,0,0,0,0,1
NV-NCD-RW-24509_2024-06-22,0.01365447608439813,0.00999999977648258,7629,1,0,0,0,0,0,0,0,0,0,0,1
NV-WND-TW-24017_2024-07-17,0.10200706046224652,0.10000000149011612,7648,1,0,0,0,0,0,0,0,0,0,0,1
NV-NCD-RW-24527_2024-07-21,0.03358719744600944,0.02999999932944774,7655,1,0,0,0,0,0,0,0,0,0,0,1
NV-NCD-RW-24529_2024-07-30,0.03478505845263424,0.02999999932944774,7630,1,0,0,0,0,0,0,0,0,0,0,1
NV-NCD-RW-24538_2024-08-29,0.1050266959745816,0.07999999821186066,7679,1,0,0,0,0,0,0,0,0,0,0,1
CA-ELFO-TW-22128_2023-07-10,0.02132000972881018,0.01999999955296516,7856,1,0,0,0,0,0,0,0,0,0,0,1
CA-APFO-TW-23097_2023-08-17,0.02234705462697905,0.01999999955296516,7895,1,0,0,0,0,0,0,0,0,0,0,1
CA-APFO-TW-23087_2023-08-19,0.02899642904721118,0.02999999932944774,7842,1,0,0,0,0,0,0,0,0,0,0,1
CA-APFO-TW-22134_2023-08-31,0.03305431828921668,0.02999999932944774,7861,1,0,0,0,0,0,0,0,0,0,0,1
CA-ELFO-TW-22089_2023-07-10,0.04944747147680144,0.03999999910593033,7891,1,0,0,0,0,0,0,0,0,0,0,1
CA-ELFO-TW-22104_2022-06-23,0.04637352864391273,0.03999999910593033,7903,1,0,0,0,0,0,0,0,0,0,0,1
CA-APFO-TW-21111_2022-07-22,0.10759004149395296,0.07780246951288974,7913,0.9906483002653861,0.0018956148110703904,0.004802224188044989,0.006950587640591432,0.009351699734613927,0.0029066093769745988,0.005054972829521042,0.007456084923543536,0.0045494755465689376,0.0024011120940224946,0,1.036016681410337
CA-APFO-TW-22108_2022-08-05,0.17924424512002168,0.05450347861643836,7820,0.8921994884910486,0.05396419437340153,0.10780051150895141,0.10780051150895141,0.10780051150895141,0.05383631713554987,0.05383631713554987,0.05383631713554987,0,0,0,1.4310741687979536
CA-APFO-TW-22100_2022-08-22,0.05583673956655023,0.05000000074505806,7828,0.9998722534491569,1.2774655084312725e-4,1.2774655084312725e-4,1.2774655084312725e-4,1.2774655084312725e-4,0,0,0,0,0,0,1.0003832396525294
CA-APFO-TW-22086_2022-09-20,0.02306742961364431,0.01999999955296516,7860,1,0,0,0,0,0,0,0,0,0,0,1
CA-APFO-TW-22113_2024-06-28,0.17900300607246838,0.17000000178813934,7653,1,0,0,0,0,0,0,0,0,0,0,1
CA-APFO-TW-22112_2024-06-29,0.03068155053293351,0.02999999932944774,7659,1,0,0,0,0,0,0,0,0,0,0,1
CA-ELFO-TW-22128_2024-07-06,0.02134398331659495,0.01999999955296516,7887,1,0,0,0,0,0,0,0,0,0,0,1
CA-APFO-TW-22083_2024-07-26,0.13626605608388848,0.09000000357627869,7863,0.9788884649624825,0.020857179193691976,0.021111535037517486,0.021111535037517486,0.021111535037517486,2.543558438255119e-4,2.543558438255119e-4,2.543558438255119e-4,0,0,0,1.0638433168002035
CA-ELFO-TW-22114_2023-06-08,0.03621356706652376,0.02999999932944774,7857,1,0,0,0,0,0,0,0,0,0,0,1
CA-ELFO-TW-23010_2023-06-10,0.5263652530341966,0.08723503688391107,7874,0.8956057912115825,0.014097028194056388,0.0381000762001524,0.060833121666243335,0.10439420878841758,0.02400304800609601,0.04673609347218694,0.09029718059436119,0.06629413258826518,0.04356108712217424,0,1.3839217678435356
CA-ELFO-TW-23009_2023-06-10,0.06942109918389486,0.05353497943147219,7877,0.9969531547543481,0.001523422622825949,0.003046845245651898,0.003046845245651898,0.003046845245651898,0.001523422622825949,0.001523422622825949,0.001523422622825949,0,0,0,1.0121873809826074
CA-ELFO-TW-22130_2023-07-11,0.06698216528530902,0.05000000074505806,7850,0.9987261146496815,0.0012738853503184713,0.0012738853503184713,0.0012738853503184713,0.0012738853503184713,0,0,0,0,0,0,1.0038216560509554
CA-ELFO-TW-22130_2024-07-07,0.06698216528530902,0.05000000074505806,7850,0.9987261146496815,0.0012738853503184713,0.0012738853503184713,0.0012738853503184713,0.0012738853503184713,0,0,0,0,0,0,1.0038216560509554
CA-ELFO-TW-22088_2024-06-01,0.04542922798004506,0.03999999910593033,7828,1,0,0,0,0,0,0,0,0,0,0,1
CA-ELFO-TW-23110_2023-08-06,0.06177404984615933,0.05000000074505806,7869,1,0,0,0,0,0,0,0,0,0,0,1
CA-ELFO-TW-22089_2024-07-04,0.04944747147680144,0.03999999910593033,7891,1,0,0,0,0,0,0,0,0,0,0,1
CA-ELFO-TW-22089_2022-06-10,0.04944747147680144,0.03999999910593033,7891,1,0,0,0,0,0,0,0,0,0,0,1
CA-ELFO-TW-22089_2024-09-28,0.04944747147680144,0.03999999910593033,7891,1,0,0,0,0,0,0,0,0,0,0,1
CA-ELFO-TW-24077_2024-07-11,0.01909706806054138,0.01999999955296516,7675,1,0,0,0,0,0,0,0,0,0,0,1
CA-ELFO-TW-24076_2024-07-13,0.01885550002671383,0.01999999955296516,7654,1,0,0,0,0,0,0,0,0,0,0,1
CA-ELFO-TW-22089_2022-09-22,0.04944747147680144,0.03999999910593033,7891,1,0,0,0,0,0,0,0,0,0,0,1
NV-NCD-RW-22527_2022-06-22,0.758625234279031,0.5495283142575678,2655,0.40451977401129946,0.35894538606403015,0.5860640301318267,0.5954802259887005,0.5954802259887005,0.2271186440677966,0.23653483992467042,0.23653483992467042,0.009416195856873822,0,0,3.2500941619585686
NV-NOD-RW-23678_2023-07-22,0.26728260830578293,0.18000000715255737,1564,0.881074168797954,0.0907928388746803,0.11892583120204604,0.11892583120204604,0.11892583120204604,0.028132992327365727,0.028132992327365727,0.028132992327365727,0,0,0,1.4130434782608694
NV-NCD-RW-22508_2022-05-27,4.183882485657286,4.026216326533137,3557,0.002530222097272983,0.019960640989597975,0.363227438852966,0.609502389654203,0.9974697779027271,0.343266797863368,0.589541748664605,0.977509136913129,0.634242339049761,0.38796738824852406,0,4.925217880236154
NV-NOD-RW-23709_2023-08-31,0.11836115311342256,0.07000000029802322,2636,0.9715477996965098,0.028452200303490136,0.028452200303490136,0.028452200303490136,0.028452200303490136,0,0,0,0,0,0,1.0853566009104705
NV-NOD-RW-22514_2022-06-09,0.11678884038395967,0.10999999940395357,1828,1,0,0,0,0,0,0,0,0,0,0,1
NV-NOD-RW-22515_2022-07-11,0.24634017837697297,0.20999999344348907,1899,0.9210110584518167,0.07898894154818326,0.07898894154818326,0.07898894154818326,0.07898894154818326,0,0,0,0,0,0,1.2369668246445498
NV-NCD-RW-22553_2022-06-24,3.691413242495768,4.0974390506744385,4380,0.030365296803652967,0.06780821917808219,0.24178082191780823,0.8166666666666667,0.969634703196347,0.17397260273972603,0.7488584474885844,0.9018264840182648,0.7278538812785388,0.15296803652968036,0,4.8317351598173515
NV-NOD-RW-22538_2022-07-08,0.2145445920505775,0.1899999976158142,2108,0.9895635673624289,0.010436432637571158,0.010436432637571158,0.010436432637571158,0.010436432637571158,0,0,0,0,0,0,1.0313092979127136
CA-APFO-TW-22121_2023-07-08,0.02361873954666932,0.01999999955296516,2476,1,0,0,0,0,0,0,0,0,0,0,1
NV-NOD-RW-22535_2022-08-04,0.13744569024999156,0.10999999940395357,2854,0.98458304134548,0.015416958654519973,0.015416958654519973,0.015416958654519973,0.015416958654519973,0,0,0,0,0,0,1.0462508759635596
NV-NOD-RW-22504_2022-06-09,1.750395950217416,1.4218420605910451,4445,0.22767154105736784,0.150281214848144,0.5615298087739032,0.7682789651293588,0.7723284589426321,0.4112485939257593,0.6179977502812148,0.6220472440944882,0.2107986501687289,0.0040494938132733405,0,4.34623172103487
NV-NOD-RW-22541_2022-07-06,0.0297975455793592,0.02999999932944774,3260,1,0,0,0,0,0,0,0,0,0,0,1
NV-NCD-RW-23570_2024-08-04,8.146617296846415,7.927999973297119,2093,0.04491161012900143,0.06497849976110846,0.22503583373148592,0.34065934065934067,0.9550883898709985,0.16005733397037744,0.2756808408982322,0.8901098901098901,0.7300525561395127,0.6144290492116579,0.43000477783086477,4.7310081223124705
NV-WND-RW-22544_2022-07-20,0.6309686035939777,0.3292079234477317,4491,0.6911600979737252,0.15341794700512135,0.2712090848363393,0.3075038966822534,0.30883990202627476,0.11779113783121799,0.15408594967713204,0.1554219550211534,0.037630817189935425,0.0013360053440213762,0,2.198396793587174
NV-NCD-RW-22515_2022-07-22,0.12933498550204883,0.10000000149011612,2421,0.9971086327963652,0.0028913672036348617,0.0028913672036348617,0.0028913672036348617,0.0028913672036348617,0,0,0,0,0,0,1.0086741016109044
NV-WND-RW-24847_2024-08-16,0.25664684071749116,0.1899999976158142,1345,0.9182156133828996,0.06319702602230483,0.08178438661710037,0.08178438661710037,0.08178438661710037,0.01858736059479554,0.01858736059479554,0.01858736059479554,0,0,0,1.282527881040892
NV-WND-RW-24858_2024-05-26,0.0896675737547901,0.07999999821186066,5144,1,0,0,0,0,0,0,0,0,0,0,1
NV-WND-RW-22564_2022-07-24,0.07400727010612074,0.07000000029802322,5777,1,0,0,0,0,0,0,0,0,0,0,1
NV-WND-RW-24857_2024-06-23,2.8574528928853384,2.8847620146615163,4617,0,0,0.6742473467619666,1,1,0.6742473467619666,1,1,0.3257526532380334,0,0,5.674247346761966
NV-WND-TW-24027_2024-06-21,0.15573234781238837,0.14000000059604645,5141,0.9988329118848474,0.001167088115152694,0.001167088115152694,0.001167088115152694,0.001167088115152694,0,0,0,0,0,0,1.003501264345458
NV-NOD-RW-22549_2022-06-10,0.01860634240400125,0.01999999955296516,3437,1,0,0,0,0,0,0,0,0,0,0,1
NV-NCD-RW-22566_2022-06-25,1.1738461524778867,0.2743939400622339,1846,0.695557963163597,0.1218851570964247,0.19501625135427952,0.22426868905742145,0.30444203683640303,0.07313109425785481,0.10238353196099675,0.18255687973997833,0.1094257854821235,0.08017334777898158,0.007583965330444204,2.096424702058505
NV-NCD-TW-22008_2022-05-26,0.7510165186016673,0.10844492413441512,4722,0.6891147818720881,0.06183820415078357,0.22448115205421432,0.3108852181279119,0.3108852181279119,0.16264294790343076,0.24904701397712833,0.24904701397712833,0.08640406607369759,0,0,2.344345616264295
NV-WND-RW-22516_2022-06-27,0.04804670627022574,0.03999999910593033,8350,1,0,0,0,0,0,0,0,0,0,0,1
NV-WND-TW-24040_2024-05-24,0.06266533703833878,0.05000000074505806,6018,1,0,0,0,0,0,0,0,0,0,0,1
CA-ELFO-TW-22095_2024-05-16,0.04910762696522733,0.02393336164592175,6634,0.9897497738920712,0.0037684654808561955,0.010250226107928851,0.010250226107928851,0.010250226107928851,0.006481760627072656,0.006481760627072656,0.006481760627072656,0,0,0,1.043714199577932
NV-NOD-RW-24662_2024-07-08,1.0656555200646405,0.975000023841858,7147,0.10130124527773891,0.41639848887645164,0.8986987547222611,0.8986987547222611,0.8986987547222611,0.48230026584580943,0.48230026584580943,0.48230026584580943,0,0,0,4.660696795858403
NV-NOD-RW-23692_2023-07-20,0.0057928924968483,0.00999999977648258,7851,1,0,0,0,0,0,0,0,0,0,0,1
NV-WND-RW-22541_2022-05-11,0.06085076679809663,0.05000000074505806,7887,1,0,0,0,0,0,0,0,0,0,0,1
NV-WND-RW-22505_2022-06-23,0.8006365707497491,0.23124600518435337,7886,0.6815876236368248,0.11564798376870403,0.22394116155211768,0.29850367740299266,0.31841237636317526,0.10829317778341364,0.1828556936342886,0.2027643925944712,0.09447121481105757,0.019908698960182603,0,2.246386000507228
NV-WND-TW-24028_2024-05-22,0.03326677065342665,0.01999999955296516,7662,1,0,0,0,0,0,0,0,0,0,0,1
NV-WND-RW-24859_2024-07-20,0.1853850184929557,0.18000000715255737,7636,0.997642744892614,0.002357255107386066,0.002357255107386066,0.002357255107386066,0.002357255107386066,0,0,0,0,0,0,1.0070717653221581
CA-APFO-TW-22090_2022-08-18,0.03586676801289021,0.02999999932944774,7851,1,0,0,0,0,0,0,0,0,0,0,1
NV-NOD-RW-23707_2023-07-21,2.4954344927470475,2.5492085861645157,6755,0.0025166543301258326,0.03552923760177646,0.751739452257587,0.9974833456698742,0.9974833456698742,0.7162102146558105,0.9619541080680977,0.9619541080680977,0.2457438934122872,0,0,5.6706143597335315
NV-WND-RW-23604_2023-08-30,0.7632191774847845,0.6955555478731791,438,0.3881278538812785,0.3082191780821918,0.6118721461187214,0.6118721461187214,0.6118721461187214,0.3036529680365297,0.3036529680365297,0.3036529680365297,0,0,0,3.442922374429224
NV-WND-TW-23003_2023-09-15,1.897348836445531,1.6399999856948853,860,0.14069767441860465,0.20232558139534884,0.6488372093023256,0.8325581395348837,0.8593023255813953,0.44651162790697674,0.6302325581395349,0.6569767441860465,0.21046511627906977,0.026744186046511628,0,4.654651162790698
NV-NOD-RW-22536_2022-08-05,0.07824175822507631,0.07000000029802322,1456,1,0,0,0,0,0,0,0,0,0,0,1
NV-WND-RW-23648_2023-09-15,1.6999589456475943,1.2642352805418129,7551,0.2222222222222222,0.1892464574228579,0.5837637399019997,0.7630777380479407,0.7777777777777778,0.39451728247914186,0.5738312806250828,0.5885313203549198,0.19401403787577803,0.014700039729837107,0,4.301681896437557
NV-NOD-TW-24035_2024-08-02,0.37581665318062585,0.2800000011920929,2498,0.7485988791032826,0.21176941553242595,0.2514011208967174,0.2514011208967174,0.2514011208967174,0.039631705364291434,0.039631705364291434,0.039631705364291434,0,0,0,1.8334667734187353
NV-WND-RW-23608_2023-09-13,0.07825181361051568,0.05999999865889549,12819,0.9991418987440518,8.581012559482019e-4,8.581012559482019e-4,8.581012559482019e-4,8.581012559482019e-4,0,0,0,0,0,0,1.0025743037678443
NV-NOD-RW-22508_2022-07-09,1.127393150378937,0.35981818708506497,3533,0.5975091989810359,0.12991791678460232,0.2660628361166148,0.3518256439286725,0.40249080101896406,0.13614491933201245,0.2219077271440702,0.2725728842343617,0.1364279649023493,0.050665157090291534,0,2.5655250495329747
CA-APFO-TW-23090_2023-06-22,0.206044110837941,0.18000000715255737,2131,0.992961051149695,0.0070389488503050214,0.0070389488503050214,0.0070389488503050214,0.0070389488503050214,0,0,0,0,0,0,1.0211168465509153
NV-WND-RW-22517_2022-06-27,1.0166611350386754,0.30041666825612384,2411,0.6267109083367897,0.09083367897138117,0.24554126918291166,0.36126088759850683,0.3732890916632103,0.1547075902115305,0.27042720862712566,0.2824554126918291,0.12774782248029865,0.012028204064703443,0,2.5450020738282872
NV-NCD-TW-24002_2024-07-18,0.23775182548919443,0.2199999988079071,2055,1,0,0,0,0,0,0,0,0,0,0,1
CA-ELFO-TW-22132_2023-08-04,0.03975504050129077,0.02999999932944774,6001,1,0,0,0,0,0,0,0,0,0,0,1
CA-ELFO-TW-22090_2022-06-12,0.04817328710909519,0.05000000074505806,3197,1,0,0,0,0,0,0,0,0,0,0,1
NV-NOD-RW-22537_2022-06-13,0.05363701165644301,0.02999999932944774,5609,0.9896594758423961,0.004100552683187734,0.01034052415760385,0.01034052415760385,0.01034052415760385,0.006239971474416117,0.006239971474416117,0.006239971474416117,0,0,0,1.0435015154216436
NV-NOD-TW-24019_2024-06-05,0.33430502412366153,0.2251322766933492,3921,0.8235144095893905,0.12649834225962764,0.17648559041060954,0.17648559041060954,0.17648559041060954,0.04998724815098189,0.04998724815098189,0.04998724815098189,0,0,0,1.6294312675337927
CA-APFO-TW-22084_2022-07-21,0.06573532152219788,0.03999999910593033,5297,0.9856522559939589,0.010194449688502926,0.014347744006041155,0.014347744006041155,0.014347744006041155,0.004153294317538229,0.004153294317538229,0.004153294317538229,0,0,0,1.0513498206531997
CA-ELFO-TW-24026_2024-06-02,0.01546575307999163,0.00999999977648258,3650,1,0,0,0,0,0,0,0,0,0,0,1
NV-NCD-RW-23538_2023-08-16,0.29394301469780176,0.23088982947549577,2176,0.9080882352941176,0.07169117647058823,0.08685661764705882,0.09191176470588236,0.09191176470588236,0.015165441176470588,0.02022058823529412,0.02022058823529412,0.00505514705882353,0,0,1.311121323529412
NV-WND-RW-23583_2023-09-01,0.29435627513568896,0.25,2470,0.9008097165991903,0.09392712550607288,0.09919028340080972,0.09919028340080972,0.09919028340080972,0.005263157894736842,0.005263157894736842,0.005263157894736842,0,0,0,1.3080971659919032
NV-NCD-RW-23561_2023-09-30,0.07437843432740986,0.03999999910593033,6733,0.9893064013069954,0.010693598693004604,0.010693598693004604,0.010693598693004604,0.010693598693004604,0,0,0,0,0,0,1.0320807960790137
NV-WND-RW-23629_2023-09-16,1.4414052778573447,1.2748147911495633,3864,0.08747412008281573,0.2888198757763975,0.8674948240165632,0.9125258799171843,0.9125258799171843,0.5786749482401656,0.6237060041407867,0.6237060041407867,0.04503105590062112,0,0,4.939958592132505
NV-NOD-RW-24665_2024-07-05,0.04255744404346168,0.02999999932944774,5353,1,0,0,0,0,0,0,0,0,0,0,1
CA-ELFO-TW-22086_2022-05-27,0.02716381765477977,0.02999999932944774,6202,1,0,0,0,0,0,0,0,0,0,0,1
CA-ELFO-TW-22143_2023-05-18,0.12526785695106432,0.07999999821186066,3248,0.9769088669950738,0.02247536945812808,0.023091133004926108,0.023091133004926108,0.023091133004926108,6.157635467980296e-4,6.157635467980296e-4,6.157635467980296e-4,0,0,0,1.0705049261083746
CA-ELFO-TW-23002_2023-08-01,0.2028961581852184,0.0800817445915304,3332,0.9186674669867947,0.05042016806722689,0.0699279711884754,0.07653061224489796,0.08133253301320528,0.019507803121248498,0.02611044417767107,0.03091236494597839,0.011404561824729893,0.004801920768307323,0,1.2896158463385357
NV-NCD-RW-22547_2022-08-20,0.03295666099455727,0.01999999955296516,3115,1,0,0,0,0,0,0,0,0,0,0,1
NV-NOD-RW-24687_2024-08-15,0.06494994418026342,0.03999999910593033,5394,0.9975899147200593,0.002410085279940675,0.002410085279940675,0.002410085279940675,0.002410085279940675,0,0,0,0,0,0,1.007230255839822
NV-NCD-RW-22574_2022-09-04,1.342257749549178,0.6399999856948853,1032,0.4001937984496124,0.2248062015503876,0.4641472868217054,0.5484496124031008,0.5998062015503876,0.23934108527131784,0.3236434108527132,0.375,0.13565891472868216,0.05135658914728682,0,3.3624031007751936
NV-NOD-RW-23696_2023-09-01,0.7633884801876312,0.4793000000715256,3264,0.5131740196078431,0.2806372549019608,0.4491421568627451,0.48682598039215685,0.48682598039215685,0.16850490196078433,0.20618872549019607,0.20618872549019607,0.03768382352941176,0,0,2.835171568627451
NV-NOD-RW-23704_2023-08-17,0.11616956070826538,0.10999999940395357,979,1,0,0,0,0,0,0,0,0,0,0,1
NV-WND-RW-22533_2022-06-26,0.03581140306194717,0.02999999932944774,3192,1,0,0,0,0,0,0,0,0,0,0,1
NV-NOD-TW-24034_2024-08-03,0.2191920610855736,0.10000000149011612,4988,0.9061748195669607,0.04611066559743384,0.09282277465918204,0.09382518043303929,0.09382518043303929,0.0467121090617482,0.04771451483560545,0.04771451483560545,0.0010024057738572574,0,0,1.3759021651964716
CA-APFO-TW-23098_2023-06-24,2.528929251168987,1.905066637992859,5781,0.05829441273136136,0.17159660958311712,0.6047396644179208,0.8154298564262238,0.9417055872686386,0.43314305483480364,0.6438332468431067,0.7701089776855216,0.33696592285071786,0.1262757308424148,0,4.902093063483826
CA-ELFO-TW-22129_2023-07-09,0.11145622897516898,0.09000000357627869,3564,0.9943883277216611,0.005611672278338945,0.005611672278338945,0.005611672278338945,0.005611672278338945,0,0,0,0,0,0,1.016835016835017
CA-APFO-TW-22085_2022-08-03,0.1014324259510922,0.10000000149011612,4077,1,0,0,0,0,0,0,0,0,0,0,1
NV-NOD-RW-22530_2022-06-12,0.11007608693983892,0.09000000357627869,3680,0.9991847826086957,8.152173913043478e-4,8.152173913043478e-4,8.152173913043478e-4,8.152173913043478e-4,0,0,0,0,0,0,1.002445652173913
NV-NOD-TW-24036_2024-07-04,1.3322363382197786,1.3054716452112738,8107,0.02294313556186012,0.2533612927100037,0.9744665104230912,0.9770568644381399,0.9770568644381399,0.7211052177130874,0.7236955717281361,0.7236955717281361,0.002590354015048723,0,0,5.375971382755643
CA-APFO-TW-23094_2023-08-20,0.8532151623150394,0.4194117620879528,8970,0.5469342251950947,0.21360089186176143,0.3736900780379041,0.43567447045707913,0.45306577480490523,0.1600891861761427,0.22207357859531773,0.2394648829431438,0.07937569676700111,0.017391304347826087,0,2.741360089186176
CA-ELFO-TW-21123_2023-08-02,0.07519599085296183,0.05999999865889549,4490,0.9913140311804008,0.008017817371937639,0.00868596881959911,0.00868596881959911,0.00868596881959911,6.681514476614699e-4,6.681514476614699e-4,6.681514476614699e-4,0,0,0,1.02739420935412
CA-APFO-TW-23031_2023-08-18,0.07755619872644372,0.05000000074505806,5872,0.9986376021798365,0.0013623978201634877,0.0013623978201634877,0.0013623978201634877,0.0013623978201634877,0,0,0,0,0,0,1.0040871934604907
NV-NCD-TW-24005_2024-07-31,2.478479913297106,2.480333352088928,6322,0.04666244859221765,0.19297690604239165,0.5558367605188231,0.9060423916482125,0.9533375514077823,0.3628598544764315,0.713065485605821,0.7603606453653907,0.3975007908889592,0.04729515975956976,0,4.9359379943056
CA-APFO-TW-23089_2023-06-21,0.1357399574599089,0.12999999523162842,3784,1,0,0,0,0,0,0,0,0,0,0,1
CA-APFO-TW-22091_2022-08-04,0.06728918907207412,0.05000000074505806,3700,1,0,0,0,0,0,0,0,0,0,0,1
CA-ELFO-TW-24025_2024-06-02,0.04496969659107201,0.03999999910593033,5610,1,0,0,0,0,0,0,0,0,0,0,1
CA-ELFO-TW-24027_2024-08-16,0.0169248986826794,0.00999999977648258,7177,1,0,0,0,0,0,0,0,0,0,0,1
CA-ELFO-TW-23005_2023-05-19,0.5871964254846631,0.16975717605081353,5147,0.8265008742957063,0.06566932193510783,0.11152127452885176,0.1416359044103361,0.17349912570429377,0.04585195259374393,0.07596658247522829,0.10782980376918594,0.061977851175442,0.03186322129395765,0,1.6423159121818536
CA-APFO-TW-22084_2024-08-16,0.08254263069521495,0.05999999865889549,6568,0.9943666260657734,0.005633373934226553,0.005633373934226553,0.005633373934226553,0.005633373934226553,0,0,0,0,0,0,1.0169001218026794
NV-NOD-RW-22506_2022-07-09,2.5367965515208195,2.1995349318482154,6031,0.00497429945282706,0.11341402752445698,0.6609185872989554,0.9260487481346377,0.995025700547173,0.5475045597744984,0.8126347206101807,0.8816116730227159,0.33410711324821757,0.06897695241253524,0,5.345216382026199
NV-NOD-RW-22528_2022-07-07,0.03101461426746529,0.00999999977648258,5953,1,0,0,0,0,0,0,0,0,0,0,1
NV-NOD-RW-23684_2023-06-24,0.3732980223817194,0.17000000178813934,1416,0.7245762711864406,0.1716101694915254,0.2754237288135593,0.2754237288135593,0.2754237288135593,0.1038135593220339,0.1038135593220339,0.1038135593220339,0,0,0,2.0338983050847457
NV-NCD-RW-22539_2022-05-15,0.5507615251255666,0.35943820603777854,8785,0.6095617529880478,0.3029026750142288,0.37063175867956744,0.38679567444507684,0.3904382470119522,0.06772908366533864,0.08389299943084803,0.0875355719977234,0.019806488332384745,0.003642572566875356,0,2.3229368241320434
NV-NCD-RW-22559_2022-07-21,0.28306413355179466,0.2800000011920929,842,1,0,0,0,0,0,0,0,0,0,0,1
NV-WND-RW-23611_2023-09-16,0.15153728735463015,0.14000000059604645,9172,0.9998909725250763,1.0902747492368077e-4,1.0902747492368077e-4,1.0902747492368077e-4,1.0902747492368077e-4,0,0,0,0,0,0,1.0003270824247708
NV-WND-RW-24840_2024-08-14,1.2435323819933164,0.6086046667986138,5744,0.46674791086350975,0.10846100278551532,0.40215877437325903,0.5294220055710307,0.5332520891364902,0.29369777158774374,0.42096100278551535,0.42479108635097496,0.1310933147632312,0.00383008356545961,0,3.31441504178273
NV-WND-RW-23638_2024-07-19,0.03904651801595106,0.02999999932944774,6922,1,0,0,0,0,0,0,0,0,0,0,1
CA-APFO-TW-23085_2023-07-09,0.08644502603800001,0.07000000029802322,7640,0.9965968586387435,0.0034031413612565444,0.0034031413612565444,0.0034031413612565444,0.0034031413612565444,0,0,0,0,0,0,1.0102094240837696
CA-APFO-TW-23093_2023-06-24,0.16568218609216015,0.1599999964237213,5563,0.9974833722811433,0.002516627718856732,0.002516627718856732,0.002516627718856732,0.002516627718856732,0,0,0,0,0,0,1.00754988315657
CA-ELFO-TW-22090_2023-07-07,0.04817328710909519,0.05000000074505806,3197,1,0,0,0,0,0,0,0,0,0,0,1
CA-APFO-TW-22098_2022-07-20,0.31852970953910015,0.23999999463558197,5924,0.8350776502363269,0.14972991222147197,0.1649223497636732,0.1649223497636732,0.1649223497636732,0.015192437542201216,0.015192437542201216,0.015192437542201216,0,0,0,1.525151924375422
CA-ELFO-TW-22090_2022-09-22,0.04817328710909519,0.05000000074505806,3197,1,0,0,0,0,0,0,0,0,0,0,1
CA-ELFO-TW-22090_2024-07-05,0.04817328710909519,0.05000000074505806,3197,1,0,0,0,0,0,0,0,0,0,0,1
CA-ELFO-TW-22090_2024-09-28,0.04817328710909519,0.05000000074505806,3197,1,0,0,0,0,0,0,0,0,0,0,1
NV-NOD-RW-23677_2023-07-22,0.06959011598414373,0.05999999865889549,3440,1,0,0,0,0,0,0,0,0,0,0,1
CA-ELFO-TW-22108_2022-07-11,0.0812149806911045,0.07000000029802322,3391,0.9890887643762902,0.01091123562370982,0.01091123562370982,0.01091123562370982,0.01091123562370982,0,0,0,0,0,0,1.0327337068711293
NV-NOD-RW-22533_2022-06-12,0.2445785876562684,0.2199999988079071,7463,0.9567198177676538,0.04328018223234624,0.04328018223234624,0.04328018223234624,0.04328018223234624,0,0,0,0,0,0,1.129840546697039
NV-NOD-RW-22524_2022-08-06,1.7039736243232804,1.7647457486492093,5763,0.1523512059691133,0.13291688356758632,0.769390942217595,0.8476487940308867,0.8476487940308867,0.6364740586500087,0.7147319104633003,0.7147319104633003,0.07825785181329169,0,0,4.894152351205968
NV-NOD-RW-24672_2024-08-01,0.3424189185962786,0.30000001192092896,5920,0.8462837837837838,0.15371621621621623,0.15371621621621623,0.15371621621621623,0.15371621621621623,0,0,0,0,0,0,1.4611486486486487
NV-WND-RW-23651_2023-09-15,1.592626649392257,1.5502173434133115,6514,0.045440589499539455,0.1828369665336199,0.9100399140313171,0.9545594105004606,0.9545594105004606,0.7272029474976973,0.7717224439668406,0.7717224439668406,0.04451949646914338,0,0,5.36260362296592
NV-NCD-RW-23546_2023-08-07,1.3505375791391618,0.4799999982118607,1916,0.505741127348643,0.13517745302713988,0.31941544885177453,0.44572025052192066,0.494258872651357,0.18423799582463465,0.3105427974947808,0.35908141962421714,0.17484342379958245,0.048538622129436326,0,2.9775574112734864
CA-ELFO-TW-22107_2022-07-06,0.4908507392106268,0.10946153797782383,4596,0.8052654482158399,0.07136640557006092,0.15274151436031333,0.18059181897302,0.19473455178416013,0.08137510879025239,0.10922541340295909,0.12336814621409922,0.04199303742384682,0.014142732811140122,0,1.7748041775456918
NV-NCD-TW-22005_2023-08-17,1.6815853641728304,0.9669047650836764,1558,0.2663671373555841,0.2496790757381258,0.5596919127086007,0.6745827984595636,0.733632862644416,0.310012836970475,0.4249037227214377,0.4839537869062901,0.17394094993581516,0.059050064184852376,0.009627727856225931,3.945442875481387
NV-WND-RW-22508_2022-06-26,0.09303846569103057,0.07999999821186066,9281,1,0,0,0,0,0,0,0,0,0,0,1
NV-WND-RW-22543_2022-08-08,5.06994372263681,5.211602479983599,8351,0.016405220931624956,0.04227038678002634,0.10609507843372051,0.4253382828403784,0.983594779068375,0.06382469165369417,0.3830678960603521,0.9413243922883487,0.8774997006346545,0.5582564962279967,0,4.397676924919171
NV-WND-RW-22561_2022-08-17,0.36016085761881383,0.3100000023841858,7460,0.8131367292225201,0.18136729222520107,0.18686327077747988,0.18686327077747988,0.18686327077747988,0.00549597855227882,0.00549597855227882,0.00549597855227882,0,0,0,1.5715817694369971
NV-NCD-TW-21023_2022-07-21,0.1762068050035663,0.1599999964237213,3762,1,0,0,0,0,0,0,0,0,0,0,1
NV-NOD-TW-24020_2024-06-06,0.192364326058918,0.18000000715255737,7647,0.9963384333725644,0.0036615666274355954,0.0036615666274355954,0.0036615666274355954,0.0036615666274355954,0,0,0,0,0,0,1.0109846998823067
NV-NOD-RW-24685_2024-06-08,2.857668215222286,2.7654605115714825,7535,0.005573988055739881,0.022295952222959523,0.6100862641008626,0.9726609157266092,0.9944260119442602,0.5877903118779031,0.9503649635036496,0.9721300597213006,0.3843397478433975,0.02176509621765096,0,5.5214333112143335
CA-APFO-TW-23088_2023-07-08,0.22992049429743375,0.01819265423253773,5660,0.9051236749116608,0.026148409893992933,0.07791519434628975,0.09098939929328621,0.09487632508833922,0.05176678445229682,0.06484098939929328,0.06872791519434629,0.01696113074204947,0.0038869257950530037,0,1.4012367491166078
NV-WND-RW-24860_2024-08-16,0.11121262013350086,0.10000000149011612,7290,0.9958847736625515,0.00411522633744856,0.00411522633744856,0.00411522633744856,0.00411522633744856,0,0,0,0,0,0,1.012345679012346
NV-NCD-RW-22513_2022-08-21,0.13883858282434366,0.12999999523162842,2032,1,0,0,0,0,0,0,0,0,0,0,1
NV-NOD-RW-23679_2023-07-20,3.1091081885508394,2.666785793645041,2052,0.001949317738791423,0.00682261208576998,0.5906432748538012,0.8767056530214425,0.9980506822612085,0.5838206627680312,0.8698830409356725,0.9912280701754386,0.4074074074074074,0.12134502923976608,0,5.44785575048733
NV-NCD-RW-22563_2022-05-28,0.07744269331858458,0.02999999932944774,2792,1,0,0,0,0,0,0,0,0,0,0,1
CA-APFO-TW-22116_2023-07-07,0.6979628746282912,0.1543563521782354,8350,0.7615568862275449,0.08467065868263474,0.16526946107784432,0.19868263473053893,0.23844311377245508,0.08059880239520958,0.1140119760479042,0.15377245508982035,0.07317365269461078,0.039760479041916166,0,1.9099401197604788
CA-ELFO-TW-22095_2022-07-08,0.04910762696522733,0.02393336164592175,6634,0.9897497738920712,0.0037684654808561955,0.010250226107928851,0.010250226107928851,0.010250226107928851,0.006481760627072656,0.006481760627072656,0.006481760627072656,0,0,0,1.043714199577932
NV-NCD-RW-23549_2023-08-03,3.7388541672650417,2.5255555311838784,2304,0.10243055555555555,0.21614583333333334,0.4275173611111111,0.5546875,0.8975694444444444,0.2113715277777778,0.3385416666666667,0.6814236111111112,0.4700520833333333,0.3428819444444444,0.029947916666666668,4.272569444444445
NV-NCD-RW-23516_2023-08-03,0.03606474087805605,0.02999999932944774,3151,1,0,0,0,0,0,0,0,0,0,0,1
NV-NCD-RW-22585_2022-09-05,4.948603477313052,3.681562565267086,7934,0.021048651373834132,0.11520040332745148,0.4135366775901185,0.5925132341820015,0.9789513486261658,0.298336274262667,0.47731283085455006,0.8637509452987144,0.5654146710360474,0.38643811444416437,0.15427275018905975,4.866775901184774
NV-NOD-RW-22501_2022-06-11,1.672417668270642,1.6799999475479126,6316,0,0.10718809373020899,0.983692210259658,1,1,0.876504116529449,0.892811906269791,0.892811906269791,0.01630778974034199,0,0,5.76931602279924
NV-NCD-TW-24007_2024-05-12,4.580298097120169,3.9031250923871994,4730,0.14439746300211417,0.10232558139534884,0.29365750528541223,0.43150105708245245,0.8556025369978858,0.19133192389006343,0.3291754756871036,0.753276955602537,0.5619450317124736,0.4241014799154334,0.10676532769556026,4.194080338266385
CA-ELFO-TW-22131_2023-08-05,0.0607142855406466,0.05999999865889549,4662,1,0,0,0,0,0,0,0,0,0,0,1
CA-ELFO-TW-23116_2023-09-03,0.06044504552387309,0.03999999910593033,6651,0.9983461133664111,0.001653886633588934,0.001653886633588934,0.001653886633588934,0.001653886633588934,0,0,0,0,0,0,1.0049616599007667
CA-ELFO-TW-22093_2022-07-09,0.10515202089537416,0.07999999821186066,8387,0.9933229998807679,0.006677000119232145,0.006677000119232145,0.006677000119232145,0.006677000119232145,0,0,0,0,0,0,1.0200310003576967
CA-ELFO-TW-24031_2024-08-15,0.09540053872000975,0.0480730969535513,10386,0.9795879067976122,0.008665511265164644,0.016657038320816484,0.02041209320238783,0.02041209320238783,0.007991527055651839,0.011746581937223185,0.011746581937223185,0.003755054881571346,0,0,1.0809743886000385
NV-NOD-RW-23687_2023-06-23,0.04873441951036853,0.05000000074505806,4172,1,0,0,0,0,0,0,0,0,0,0,1
CA-ELFO-TW-22136_2023-08-03,0.05181525507596425,0.03999999910593033,7145,1,0,0,0,0,0,0,0,0,0,0,1
CA-APFO-TW-22141_2022-09-21,0.1363666943518039,0.07999999821186066,7134,0.9456125595738716,0.05242500700869078,0.0543874404261284,0.0543874404261284,0.0543874404261284,0.0019624334174376226,0.0019624334174376226,0.0019624334174376226,0,0,0,1.16708718811326
NV-NCD-RW-22536_2022-05-01,0.16156682015157744,0.12999999523162842,2604,0.9823348694316436,0.017665130568356373,0.017665130568356373,0.017665130568356373,0.017665130568356373,0,0,0,0,0,0,1.0529953917050692
NV-WND-TW-22001_2022-09-04,0.02901391066137527,0.01999999955296516,8123,1,0,0,0,0,0,0,0,0,0,0,1
NV-NCD-RW-24523_2024-07-17,0.02004721895643373,0.01999999955296516,5718,1,0,0,0,0,0,0,0,0,0,0,1
CA-ELFO-TW-24007_2024-07-14,0.04464933377635691,0.03999999910593033,7885,1,0,0,0,0,0,0,0,0,0,0,1
NV-WND-RW-23644_2023-09-02,0.1179738474374812,0.07999999821186066,7571,0.9878483687755911,0.012151631224408928,0.012151631224408928,0.012151631224408928,0.012151631224408928,0,0,0,0,0,0,1.036454893673227
NV-NOD-RW-23693_2023-07-23,1.263908006570464,1.1953571949686324,6131,0.11303213178926766,0.27026586201272224,0.8869678682107324,0.8869678682107324,0.8869678682107324,0.6167020061980101,0.6167020061980101,0.6167020061980101,0,0,0,4.894307617028217
NV-NCD-RW-22552_2022-05-26,0.08019013109251405,0.03999999910593033,4418,0.9891353553644183,0.0074694431869624265,0.010864644635581712,0.010864644635581712,0.010864644635581712,0.0033952014486192846,0.0033952014486192846,0.0033952014486192846,0,0,0,1.0393843368039841
NV-NCD-RW-23525_2023-06-08,0.07724815707088768,0.05999999865889549,4477,0.9993299084208175,6.700915791824883e-4,6.700915791824883e-4,6.700915791824883e-4,6.700915791824883e-4,0,0,0,0,0,0,1.0020102747375472
CA-ELFO-TW-23003_2023-06-07,0.118341750699732,0.10999999940395357,4752,1,0,0,0,0,0,0,0,0,0,0,1
NV-NCD-TW-24013_2024-08-02,0.2040730298255152,0.12999999523162842,7805,0.9051889814221653,0.08942985265855222,0.09481101857783472,0.09481101857783472,0.09481101857783472,0.0053811659192825115,0.0053811659192825115,0.0053811659192825115,0,0,0,1.2951953875720696
NV-NOD-TW-24018_2024-06-07,0.7609469219529845,0.7300000190734863,5671,0.14177393757714687,0.6411567624757538,0.8582260624228532,0.8582260624228532,0.8582260624228532,0.21706929994709928,0.21706929994709928,0.21706929994709928,0,0,0,4.008816787162758
NV-WND-TW-24039_2024-05-23,1.3446887576413855,0.42026315341916,9446,0.5263603641753123,0.09167901757357612,0.28149481261909803,0.4300232902816007,0.4736396358246877,0.1898157950455219,0.3383442727080246,0.3819606182511116,0.19214482320558968,0.04361634554308702,0,2.94907897522761
CA-APFO-TW-23095_2023-08-20,0.5500869946223989,0.29858333443601925,4483,0.6192281954048628,0.1842516172206112,0.36894936426500113,0.3807718045951372,0.3807718045951372,0.1846977470443899,0.19652018737452598,0.19652018737452598,0.01182244033013607,0,0,2.5235333482043276
NV-NCD-RW-23547_2023-08-19,0.0951261528908127,0.09000000357627869,7372,1,0,0,0,0,0,0,0,0,0,0,1
NV-WND-TW-24026_2024-06-19,0.8006177898577561,0.614545464515686,3901,0.4357856959753909,0.19738528582414766,0.564214304024609,0.564214304024609,0.564214304024609,0.36682901820046143,0.36682901820046143,0.36682901820046143,0,0,0,3.4263009484747506
NV-NOD-RW-24681_2024-07-04,0.7605115295612337,0.6154444535573323,4770,0.37966457023060796,0.3656184486373166,0.620335429769392,0.620335429769392,0.620335429769392,0.25471698113207547,0.25471698113207547,0.25471698113207547,0,0,0,3.3704402515723264
CA-APFO-TW-24037_2024-08-29,0.7694210090536058,0.1393201135457744,3627,0.7744692583402261,0.062034739454094295,0.1177281499862145,0.17728149986214503,0.2255307416597739,0.05569341053212021,0.11524676040805074,0.1634960022056796,0.10780259167355942,0.04824924179762889,0,1.8475323959194925
CA-ELFO-TW-21122_2024-05-20,0.2964324325194962,0.18000000715255737,2035,0.8663390663390663,0.08304668304668304,0.13366093366093365,0.13366093366093365,0.13366093366093365,0.050614250614250615,0.050614250614250615,0.050614250614250615,0,0,0,1.502211302211302
NV-NCD-TW-22007_2022-08-24,6.156198691940444,7.065483893117597,6432,0.3160758706467662,0.029073383084577114,0.08162313432835822,0.12888681592039802,0.6839241293532339,0.05254975124378109,0.09981343283582089,0.6548507462686567,0.6023009950248757,0.5550373134328358,0.33115671641791045,3.5352922885572142
NV-NCD-RW-23528_2023-06-09,0.0179903574088913,0.01999999955296516,7882,1,0,0,0,0,0,0,0,0,0,0,1
NV-NCD-RW-23501_2023-06-10,0.03021195522002542,0.02999999932944774,7879,1,0,0,0,0,0,0,0,0,0,0,1
NV-WND-TW-22002_2022-09-03,3.837975571675525,3.659690807775124,7859,0.10395724646901641,0.07265555414174832,0.2870594223183611,0.6406667514951011,0.8960427535309836,0.2144038681766128,0.5680111973533528,0.8233871993892353,0.6089833312126225,0.25537600203588245,0.042371803028375114,4.512915129151292
NV-NOD-RW-23703_2023-08-18,0.13708915416144662,0.119999997317791,7874,0.9867919735839472,0.011176022352044705,0.013208026416052832,0.013208026416052832,0.013208026416052832,0.002032004064008128,0.002032004064008128,0.002032004064008128,0,0,0,1.0436880873761745
NV-NOD-RW-23706_2023-08-31,0.01913949919712492,0.01999999955296516,7914,1,0,0,0,0,0,0,0,0,0,0,1
NV-NCD-RW-22531_2022-05-14,0.12436919167524003,0.119999997317791,7855,1,0,0,0,0,0,0,0,0,0,0,1
NV-WND-RW-22569_2022-06-22,0.14127145578062844,0.119999997317791,7865,0.9988556897647807,0.0011443102352193262,0.0011443102352193262,0.0011443102352193262,0.0011443102352193262,0,0,0,0,0,0,1.003432930705658
NV-NOD-RW-22519_2022-08-03,0.08597551628703086,0.07999999821186066,7842,1,0,0,0,0,0,0,0,0,0,0,1
NV-NCD-TW-24025_2024-05-23,0.18055351504372924,0.10000000149011612,7624,0.9029380902413431,0.09325813221406086,0.09706190975865688,0.09706190975865688,0.09706190975865688,0.0038037775445960128,0.0038037775445960128,0.0038037775445960128,0,0,0,1.2987932843651628
NV-NOD-RW-24679_2024-06-07,0.05463214161031447,0.05000000074505806,7666,1,0,0,0,0,0,0,0,0,0,0,1
NV-WND-TW-24030_2024-06-09,0.07150117568535425,0.00999999977648258,7654,0.962764567546381,0.03488372093023256,0.03723543245361902,0.03723543245361902,0.03723543245361902,0.0023517115233864646,0.0023517115233864646,0.0023517115233864646,0,0,0,1.1164097204076298
NV-NOD-RW-24678_2024-07-07,0.28685788758235076,0.12999999523162842,7670,0.7576271186440678,0.21577574967405475,0.2423728813559322,0.2423728813559322,0.2423728813559322,0.026597131681877443,0.026597131681877443,0.026597131681877443,0,0,0,1.7803129074315516
NV-WND-TW-24016_2024-07-17,0.04864974983468507,0.02999999932944774,7606,1,0,0,0,0,0,0,0,0,0,0,1
NV-WND-TW-24015_2024-07-19,0.02937271733791118,0.02999999932944774,7668,1,0,0,0,0,0,0,0,0,0,0,1
NV-NCD-RW-24507_2024-07-16,0.01309598301453287,0.00999999977648258,7668,1,0,0,0,0,0,0,0,0,0,0,1
NV-NOD-RW-24688_2024-07-31,4.451960732141042,5.092923120351938,7640,0.18638743455497384,0.03664921465968586,0.12316753926701571,0.29803664921465967,0.8136125654450261,0.08651832460732985,0.2613874345549738,0.7769633507853403,0.6904450261780105,0.5155759162303665,0,3.788743455497382
NV-NOD-RW-24689_2024-08-14,0.5183549104866146,0.25999999046325684,7647,0.6601281548319603,0.15247809598535372,0.33987184516803975,0.33987184516803975,0.33987184516803975,0.18739374918268603,0.18739374918268603,0.18739374918268603,0,0,0,2.394403033869491
CA-APFO-TW-23096_2023-06-11,0.0860776625999598,0.07999999821186066,7906,1,0,0,0,0,0,0,0,0,0,0,1
CA-APFO-TW-23100_2023-06-25,0.05296577915445404,0.05000000074505806,7890,1,0,0,0,0,0,0,0,0,0,0,1
CA-APFO-TW-23091_2023-06-23,0.08368721438400761,0.07000000029802322,7884,0.9994926433282597,5.073566717402334e-4,5.073566717402334e-4,5.073566717402334e-4,5.073566717402334e-4,0,0,0,0,0,0,1.0015220700152205
CA-ELFO-TW-22088_2023-08-04,0.04748470127327992,0.05000000074505806,7844,1,0,0,0,0,0,0,0,0,0,0,1
CA-ELFO-TW-22110_2023-08-17,0.09809469096904556,0.07999999821186066,7836,0.9989790709545686,0.0010209290454313426,0.0010209290454313426,0.0010209290454313426,0.0010209290454313426,0,0,0,0,0,0,1.0030627871362938
CA-APFO-TW-22083_2022-07-20,0.13807444782616213,0.10000000149011612,7925,0.9767823343848581,0.022965299684542587,0.023217665615141957,0.023217665615141957,0.023217665615141957,2.523659305993691e-4,2.523659305993691e-4,2.523659305993691e-4,0,0,0,1.0701577287066244
CA-APFO-TW-23099_2023-08-30,0.08968249904968796,0.05483312705446527,7874,0.9747269494538989,0.012192024384048768,0.025273050546101093,0.025273050546101093,0.025273050546101093,0.013081026162052324,0.013081026162052324,0.013081026162052324,0,0,0,1.1019812039624084
CA-ELFO-TW-22088_2022-05-29,0.04542922798004506,0.03999999910593033,7828,1,0,0,0,0,0,0,0,0,0,0,1
CA-ELFO-TW-22113_2023-05-20,0.05595828539477601,0.03999999910593033,7863,0.9977107974055703,0.002289202594429607,0.002289202594429607,0.002289202594429607,0.002289202594429607,0,0,0,0,0,0,1.006867607783289
CA-ELFO-TW-22116_2023-06-10,0.26354055375570207,0.04763429339714043,7866,0.9310958555809814,0.013094330027968473,0.033562166285278416,0.05326722603610475,0.06890414441901856,0.02046783625730994,0.04017289600813628,0.05580981439105009,0.03534197813374015,0.015636918382913808,0,1.2673531655225017
CA-ELFO-TW-22140_2023-08-03,0.04505191162718183,0.02999999932944774,7898,1,0,0,0,0,0,0,0,0,0,0,1
CA-ELFO-TW-23008_2023-08-15,0.06251866833024305,0.05999999865889549,7901,1,0,0,0,0,0,0,0,0,0,0,1
CA-ELFO-TW-22101_2022-06-09,0.03559690089633743,0.01999999955296516,7874,1,0,0,0,0,0,0,0,0,0,0,1
CA-ELFO-TW-22101_2022-09-21,0.03559690089633743,0.01999999955296516,7874,1,0,0,0,0,0,0,0,0,0,0,1
CA-ELFO-TW-21102_2022-06-25,0.23981026382911672,0.04836060824966314,7853,0.9346746466318604,0.015790143894053227,0.03896600025467974,0.05475614414873297,0.06532535336813956,0.023175856360626513,0.03896600025467974,0.049535209474086336,0.026359353113459823,0.010569209219406597,0,1.2581179167197247
CA-ELFO-TW-24075_2024-05-17,0.05157714689606794,0.03999999910593033,7894,1,0,0,0,0,0,0,0,0,0,0,1
CA-ELFO-TW-24079_2024-05-19,0.01324986794773974,0.00999999977648258,7588,1,0,0,0,0,0,0,0,0,0,0,1
NV-NCD-RW-22518_2022-04-30,0.4788932042793163,0.38999998569488525,515,0.6563106796116505,0.2757281553398058,0.34368932038834954,0.34368932038834954,0.34368932038834954,0.06796116504854369,0.06796116504854369,0.06796116504854369,0,0,0,2.166990291262136
NV-NOD-RW-23689_2023-07-24,0.7523895587966624,0.7350000143051147,498,0.25903614457831325,0.5381526104417671,0.7409638554216867,0.7409638554216867,0.7409638554216867,0.20281124497991967,0.20281124497991967,0.20281124497991967,0,0,0,3.628514056224899
CA-ELFO-TW-22092_2022-06-26,0.17088362120959008,0.17000000178813934,464,1,0,0,0,0,0,0,0,0,0,0,1
CA-APFO-TW-24047_2024-06-29,0.2895095369674529,0.27000001072883606,1468,0.946866485013624,0.05313351498637602,0.05313351498637602,0.05313351498637602,0.05313351498637602,0,0,0,0,0,0,1.1594005449591283
NV-NOD-RW-22534_2022-07-07,0.1217117119499254,0.10999999940395357,2109,1,0,0,0,0,0,0,0,0,0,0,1
CA-ELFO-TW-22102_2022-07-08,0.1023831505401504,0.07000000029802322,1733,0.9953837276399308,0.004616272360069244,0.004616272360069244,0.004616272360069244,0.004616272360069244,0,0,0,0,0,0,1.013848817080208
CA-APFO-TW-22093_2022-08-07,0.33966914015599214,0.3199999928474426,3234,0.8954854669140383,0.10451453308596166,0.10451453308596166,0.10451453308596166,0.10451453308596166,0,0,0,0,0,0,1.3135435992578848
CA-ELFO-TW-21120_2022-06-24,1.7718314111114104,1.7263158120607074,3642,0.09253157605711147,0.15842943437671608,0.7874794069192751,0.9074684239428885,0.9074684239428885,0.629049972542559,0.7490389895661724,0.7490389895661724,0.11998901702361339,0,0,5.100494233937397
CA-APFO-TW-22103_2022-08-07,0.20783013702816752,0.10999999940395357,3650,0.9,0.05808219178082192,0.1,0.1,0.1,0.04191780821917808,0.04191780821917808,0.04191780821917808,0,0,0,1.3838356164383563
CA-APFO-TW-24045_2024-08-31,0.02596705964150312,0.02999999932944774,6861,1,0,0,0,0,0,0,0,0,0,0,1
CA-ELFO-TW-24051_2024-08-17,0.09160860077157074,0.07000000029802322,3674,0.9858464888405009,0.007348938486663037,0.013609145345672292,0.014153511159499184,0.014153511159499184,0.006260206859009254,0.006804572672836146,0.006804572672836146,5.443658138268917e-4,0,0,1.055525313010343
CA-ELFO-TW-23117_2024-07-14,0.04739115496840038,0.05000000074505806,2917,1,0,0,0,0,0,0,0,0,0,0,1
NV-WND-TW-24033_2024-06-20,0.20195698280082677,0.0103826528291541,3301,0.9218418661011815,0.02059981823689791,0.05967888518630718,0.07815813389881854,0.07815813389881854,0.03907906694940927,0.05755831566192063,0.05755831566192063,0.01847924871251136,0,0,1.3311117843077855
NV-WND-TW-24032_2024-06-19,0.11207219215612958,0.03999999910593033,2992,0.9421791443850267,0.057820855614973264,0.057820855614973264,0.057820855614973264,0.057820855614973264,0,0,0,0,0,0,1.17346256684492
CA-APFO-TW-24044_2024-06-30,0.04552816229659393,0.03999999910593033,5557,1,0,0,0,0,0,0,0,0,0,0,1
CA-ELFO-TW-22094_2022-07-09,0.13319169271290018,0.119999997317791,4189,1,0,0,0,0,0,0,0,0,0,0,1
CA-ELFO-TW-24048_2024-07-12,0.09786278831675636,0.07999999821186066,6326,0.9998419222257351,1.5807777426493836e-4,1.5807777426493836e-4,1.5807777426493836e-4,1.5807777426493836e-4,0,0,0,0,0,0,1.0004742333227947
CA-APFO-TW-22110_2022-08-20,1.0262298442443003,0.833799979686737,3411,0.19876868953386104,0.3819994136616828,0.7845206684256816,0.8012313104661389,0.8012313104661389,0.4025212547639988,0.41923189680445616,0.41923189680445616,0.016710642040457344,0,0,4.2254470829668715
CA-APFO-TW-22145_2023-09-01,0.4711992146891511,0.08563676658823904,6621,0.8720737048784172,0.028696571514876906,0.07415798217791875,0.09756834315058148,0.12792629512158285,0.04546141066304184,0.06887177163570457,0.09922972360670594,0.0537683129436641,0.03035795197100136,0,1.498112067663495
CA-ELFO-TW-24033_2024-07-11,0.1610512352054233,0.0791820423656944,6031,0.9671696236113414,0.01409384844967667,0.027690266954070637,0.0328303763886586,0.0328303763886586,0.013596418504393965,0.018736527938981926,0.018736527938981926,0.005140109434587962,0,0,1.1308240756093517
CA-ELFO-TW-22099_2022-06-27,0.17062669248325563,0.13522387863095128,2585,0.9686653771760154,0.019729206963249517,0.031334622823984526,0.031334622823984526,0.031334622823984526,0.01160541586073501,0.01160541586073501,0.01160541586073501,0,0,0,1.1172147001934238
CA-ELFO-TW-23115_2024-08-19,0.04562387705035585,0.03999999910593033,7237,1,0,0,0,0,0,0,0,0,0,0,1
CA-APFO-TW-22124_2024-06-30,0.2475156511069319,0.01157874736927831,3514,0.9123505976095617,0.018497438816163916,0.05976095617529881,0.07882754695503699,0.08764940239043825,0.04126351735913489,0.06033010813887308,0.06915196357427433,0.027888446215139442,0.008821855435401251,0,1.3645418326693226
CA-ELFO-TW-24029_2024-08-28,0.04588813726542011,0.05000000074505806,4881,1,0,0,0,0,0,0,0,0,0,0,1
CA-APFO-TW-22087_2022-08-21,0.15864195002815987,0.00574508720783183,4882,0.9283080704629251,0.021302744776730848,0.06124539123310119,0.06882425235559197,0.07169192953707497,0.03994264645637034,0.04752150757886112,0.050389184760344125,0.010446538303973782,0.0028676771814829987,0,1.3025399426464566
CA-APFO-TW-22094_2022-08-08,0.2805132880552617,0.1599999964237213,3838,0.8251693590411673,0.12350182386659718,0.17483064095883272,0.17483064095883272,0.17483064095883272,0.05132881709223554,0.05132881709223554,0.05132881709223554,0,0,0,1.627149557060969
NV-WND-RW-22532_2022-05-13,1.68180039040963,1.663636326789856,511,0,0.09784735812133072,0.9960861056751468,1,1,0.898238747553816,0.9021526418786693,0.9021526418786693,0.003913894324853229,0,0,5.800391389432486
NV-WND-RW-24874_2024-08-29,0.5319205276816097,0.47999998927116394,604,0.5562913907284768,0.3890728476821192,0.44370860927152317,0.44370860927152317,0.44370860927152317,0.054635761589403975,0.054635761589403975,0.054635761589403975,0,0,0,2.4403973509933783
NV-WND-RW-22548_2022-07-23,0.13444759224992636,0.10999999940395357,2118,1,0,0,0,0,0,0,0,0,0,0,1
NV-WND-RW-24878_2024-08-28,0.46378640734558946,0.44999998807907104,3296,0.5439927184466019,0.4390169902912621,0.45600728155339804,0.45600728155339804,0.45600728155339804,0.01699029126213592,0.01699029126213592,0.01699029126213592,0,0,0,2.402002427184466
NV-WND-RW-23634_2024-08-15,1.1274173598820536,0.3895454489952558,3237,0.577386468952734,0.14396045721346926,0.29935125115848005,0.3744207599629286,0.422613531047266,0.15539079394501082,0.2304603027494594,0.2786530738337967,0.12326227988878591,0.04819277108433735,0,2.653691689836268
NV-NCD-RW-23518_2024-08-27,0.6747575172262765,0.6154545545578003,3691,0.3099431048496342,0.5876456244920076,0.6838255215388783,0.6900568951503657,0.6900568951503657,0.09617989704687077,0.10241127065835817,0.10241127065835817,0.006231373611487402,0,0,3.2687618531563256
CA-APFO-TW-22099_2022-08-21,0.20457053750095577,0.18000000715255737,4168,0.9709692898272553,0.028071017274472167,0.029030710172744723,0.029030710172744723,0.029030710172744723,9.596928982725527e-4,9.596928982725527e-4,9.596928982725527e-4,0,0,0,1.089011516314779
NV-NCD-RW-22506_2022-04-28,1.1816105785636375,0.7450000047683716,416,0.31009615384615385,0.2668269230769231,0.5865384615384616,0.6899038461538461,0.6899038461538461,0.31971153846153844,0.4230769230769231,0.4230769230769231,0.10336538461538461,0,0,3.8124999999999996
NV-NCD-RW-22554_2022-05-15,0.1829024080484539,0.08508196815115507,789,0.9404309252217997,0.020278833967046894,0.059569074778200254,0.059569074778200254,0.059569074778200254,0.03929024081115336,0.03929024081115336,0.03929024081115336,0,0,0,1.2572877059569072
NV-NCD-RW-23536_2023-08-04,0.5838738742980871,0.3930555532375971,444,0.6756756756756757,0.20495495495495494,0.32432432432432434,0.32432432432432434,0.32432432432432434,0.11936936936936937,0.11936936936936937,0.11936936936936937,0,0,0,2.211711711711712
NV-WND-RW-23620_2023-09-02,1.3834541997381749,1.3355555931727092,524,0.03435114503816794,0.2099236641221374,0.9656488549618321,0.9656488549618321,0.9656488549618321,0.7557251908396947,0.7557251908396947,0.7557251908396947,0,0,0,5.408396946564885
NV-NOD-RW-23681_2023-08-29,0.194709518130026,0.1899999976158142,809,1,0,0,0,0,0,0,0,0,0,0,1
NV-WND-RW-23618_2023-09-18,1.258393782099294,1.100000023841858,579,0.07081174438687392,0.37823834196891193,0.924006908462867,0.9291882556131261,0.9291882556131261,0.5457685664939551,0.5509499136442142,0.5509499136442142,0.0051813471502590676,0,0,4.884283246977548
NV-WND-RW-22563_2022-07-11,0.4894598149087118,0.4300000071525574,759,0.5849802371541502,0.36231884057971014,0.4150197628458498,0.4150197628458498,0.4150197628458498,0.052700922266139656,0.052700922266139656,0.052700922266139656,0,0,0,2.3504611330698286
CA-APFO-TW-22097_2022-07-23,0.7166991917692189,0.35941489738352755,3587,0.6470588235294118,0.22665179816002232,0.29077223306384165,0.34318371898522443,0.35294117647058826,0.06412043490381934,0.11653192082520211,0.12628937831056594,0.062168943406746585,0.009757457485363814,0,2.2394758851407865
NV-NCD-TW-24014_2024-08-04,0.8972498632319773,0.8700000047683716,3658,0.1817933296883543,0.43767085839256425,0.8182066703116457,0.8182066703116457,0.8182066703116457,0.3805358119190815,0.3805358119190815,0.3805358119190815,0,0,0,4.2156916347731
CA-APFO-TW-23086_2023-07-07,4.45254469347074,5.095645181594357,6209,0.08197777419874376,0.07456917377999678,0.20228700273796102,0.40264132710581413,0.9180222258012563,0.12771782895796424,0.32807215332581735,0.8434530520212594,0.7157352230632952,0.5153808986954421,0,4.20985665968755
CA-APFO-TW-22101_2022-08-05,0.1696721311868349,0.15000000596046448,4636,0.9967644521138913,0.0032355478861087143,0.0032355478861087143,0.0032355478861087143,0.0032355478861087143,0,0,0,0,0,0,1.0097066436583264
CA-APFO-TW-22104_2022-09-18,0.2069981998531777,0.20000000298023224,2222,1,0,0,0,0,0,0,0,0,0,0,1
CA-APFO-TW-24046_2024-06-28,0.29419023801659916,0.25999999046325684,3606,0.8480310593455352,0.14004437049362173,0.15196894065446478,0.15196894065446478,0.15196894065446478,0.01192457016084304,0.01192457016084304,0.01192457016084304,0,0,0,1.4797559622850807
CA-APFO-TW-22111_2022-07-22,0.2876204310137895,0.23999999463558197,4131,0.8893730331638828,0.10481723553618978,0.11062696683611717,0.11062696683611717,0.11062696683611717,0.005809731299927378,0.005809731299927378,0.005809731299927378,0,0,0,1.3435003631082068
NV-NCD-RW-23533_2023-08-06,1.5534786568864922,0.7261904988970075,1101,0.23069936421435058,0.3614895549500454,0.6012715712988193,0.6948228882833788,0.7693006357856494,0.23978201634877383,0.3333333333333333,0.407811080835604,0.16802906448683017,0.07447774750227067,0,3.8810172570390558
NV-NOD-TW-24038_2024-07-05,1.0227867705197389,0.47936170215302326,4263,0.5092657752756274,0.1266713581984518,0.39619985925404644,0.4907342247243725,0.4907342247243725,0.26952850105559467,0.36406286652592074,0.36406286652592074,0.09453436547032606,0,0,3.105794041754633
CA-ELFO-TW-23004_2023-06-06,0.10163770058257056,0.07999999821186066,4488,0.9991087344028521,8.9126559714795e-4,8.9126559714795e-4,8.9126559714795e-4,8.9126559714795e-4,0,0,0,0,0,0,1.002673796791444
CA-ELFO-TW-22096_2022-09-22,0.23513779901736387,0.1351351331214647,5479,0.8926811461945611,0.07848147472166454,0.10731885380543894,0.10731885380543894,0.10731885380543894,0.02883737908377441,0.02883737908377441,0.02883737908377441,0,0,0,1.3796313195838659
CA-ELFO-TW-22118_2023-08-16,0.13543371200300472,0.10999999940395357,5280,0.9950757575757576,0.004924242424242424,0.004924242424242424,0.004924242424242424,0.004924242424242424,0,0,0,0,0,0,1.0147727272727272
CA-ELFO-TW-24006_2024-07-13,0.06789618830729945,0.05999999865889549,3988,1,0,0,0,0,0,0,0,0,0,0,1
NV-NOD-TW-24021_2024-06-08,0.18207478914132763,0.17000000178813934,2487,0.9891435464414958,0.009650180940892641,0.010856453558504222,0.010856453558504222,0.010856453558504222,0.0012062726176115801,0.0012062726176115801,0.0012062726176115801,0,0,0,1.0349819059107361
CA-APFO-TW-22109_2022-08-18,1.2922754585845566,0.6530769231555226,5990,0.4135225375626043,0.22570951585976629,0.48380634390651084,0.5360601001669449,0.5864774624373956,0.25809682804674455,0.31035058430717866,0.3607679465776294,0.10267111853088481,0.05041736227045075,0.00984974958263773,3.3377295492487478
CA-ELFO-TW-22150_2023-05-21,0.08895011338402446,0.04772707659092075,7477,0.986224421559449,0.00508225224020329,0.010565734920422629,0.013775578440551023,0.013775578440551023,0.00548348268021934,0.008693326200347733,0.008693326200347733,0.003209843520128394,0,0,1.0555035442022203
NV-WND-RW-24849_2024-08-17,0.01873315330903187,0.01999999955296516,2597,1,0,0,0,0,0,0,0,0,0,0,1
CA-ELFO-TW-24053_2024-08-15,0.8369033198899343,0.5486516986000404,4789,0.4602213405721445,0.28001670494884107,0.5084568803508039,0.5247442054708708,0.5397786594278555,0.22844017540196282,0.24472750052202966,0.2597619544790144,0.031321779077051574,0.015034453956984757,0,3.0925036542075586
NV-WND-TW-24029_2024-06-05,0.4261394949439966,0.3799999952316284,4717,0.6330294678821284,0.32669069323722705,0.3669705321178715,0.3669705321178715,0.3669705321178715,0.04027983888064448,0.04027983888064448,0.04027983888064448,0,0,0,2.1814712741149034
CA-ELFO-TW-23007_2023-06-11,0.6812755389194026,0.08348851662052854,7048,0.800794551645857,0.03873439273552781,0.10513620885357548,0.15706583427922816,0.19920544835414303,0.06640181611804767,0.11833144154370034,0.16047105561861522,0.09406923950056753,0.04213961407491487,0,1.7823496027241774
CA-ELFO-TW-22100_2022-06-26,0.08020249044065805,0.07000000029802322,9235,1,0,0,0,0,0,0,0,0,0,0,1
